{"cameraMode":{"drawMode":0,"name":"Shaded","section":"Shading Mode"},"sceneLighting":false,"audioPlay":false,"sceneViewState":{"m_AlwaysRefresh":false,"showFog":true,"showSkybox":true,"showFlares":true,"showImageEffects":true,"showParticleSystems":true,"showVisualEffectGraphs":true,"m_FxEnabled":true},"in2DMode":false,"pivot":{"x":-4.772891998291016,"y":1.2430477142333985,"z":-6.0762858390808109},"rotation":{"x":-0.03779060021042824,"y":-0.024260854348540307,"z":0.0008635527337901294,"w":-0.9990328550338745},"size":0.023809928447008134,"orthographic":false}